,Unnamed: 0,runs,mins,BF,4s,6s,SR,Pos,Dismissal,Inns,opponent,ground,date,match,total
0,0,15,28,24,2,0,62.50,6,bowled,2,Pakistan,Karachi,15Nov1989,Test,15
1,2,59,254,172,4,0,34.30,6,lbw,1,Pakistan,Faisalabad,23Nov1989,Test,74
2,3,8,24,16,1,0,50.00,6,runout,3,Pakistan,Faisalabad,23Nov1989,Test,82
3,4,41,124,90,5,0,45.55,7,bowled,1,Pakistan,Lahore,1Dec1989,Test,123
4,5,35,74,51,5,0,68.62,6,lbw,1,Pakistan,Sialkot,9Dec1989,Test,158
5,6,57,193,134,6,0,42.53,6,caught,3,Pakistan,Sialkot,9Dec1989,Test,215
6,7,0,-,2,0,0,0.00,5,caught,2,Pakistan,Gujranwala,18Dec1989,ODI,215
7,8,0,1,1,0,0,0.00,6,caught,2,NewZealand,Christchurch,2Feb1990,Test,215
8,9,24,50,44,3,0,54.54,6,caught,3,NewZealand,Christchurch,2Feb1990,Test,239
9,10,88,324,266,5,0,33.08,6,caught,1,NewZealand,Napier,9Feb1990,Test,327
10,11,5,15,13,1,0,38.46,6,caught,2,NewZealand,Auckland,22Feb1990,Test,332
11,13,0,2,2,0,0,0.00,5,caught,2,NewZealand,Dunedin,1Mar1990,ODI,332
12,14,36,51,39,5,0,92.30,6,caught,1,NewZealand,Wellington,6Mar1990,ODI,368
13,15,10,-,12,0,0,83.33,5,runout,1,SriLanka,Sharjah,25Apr1990,ODI,378
14,16,20,-,25,1,0,80.00,7,caught,2,Pakistan,Sharjah,27Apr1990,ODI,398
15,17,19,38,35,1,1,54.28,4,bowled,2,England,Leeds,18Jul1990,ODI,417
16,18,31,31,26,3,0,119.23,6,bowled,2,England,Nottingham,20Jul1990,ODI,448
17,19,10,30,19,1,0,52.63,6,bowled,2,England,Lord's,26Jul1990,Test,458
18,20,27,93,65,4,0,41.53,6,caught,4,England,Lord's,26Jul1990,Test,485
19,21,68,216,136,8,0,50.00,6,caught,2,England,Manchester,9Aug1990,Test,553
20,22,119,225,189,17,0,62.96,6,notout,4,England,Manchester,9Aug1990,Test,672
21,23,21,39,30,3,0,70.00,7,caught,1,England,TheOval,23Aug1990,Test,693
22,24,11,92,-,-,0,-,6,lbw,1,SriLanka,Chandigarh,23Nov1990,Test,704
23,25,36,-,22,3,2,163.63,5,bowled,1,SriLanka,Nagpur,1Dec1990,ODI,740
24,26,53,-,41,7,1,129.26,5,bowled,2,SriLanka,Pune,5Dec1990,ODI,793
25,27,30,-,29,1,2,103.44,5,caught,1,SriLanka,Margao,8Dec1990,ODI,823
26,29,4,-,11,0,0,36.36,5,lbw,2,SriLanka,Cuttack,28Dec1990,ODI,827
27,30,53,-,70,2,0,75.71,4,lbw,2,SriLanka,Kolkata,4Jan1991,ODI,880
28,31,52,-,40,5,0,130.00,5,notout,1,Pakistan,Sharjah,18Oct1991,ODI,932
29,32,22,-,27,3,0,81.48,5,runout,1,WestIndies,Sharjah,19Oct1991,ODI,954
30,33,11,-,27,1,0,40.74,5,notout,2,WestIndies,Sharjah,22Oct1991,ODI,965
31,34,49,-,38,3,2,128.94,5,caught,2,Pakistan,Sharjah,23Oct1991,ODI,1014
32,35,0,-,1,0,0,0.00,5,lbw,2,Pakistan,Sharjah,25Oct1991,ODI,1014
33,36,62,-,73,8,1,84.93,4,caught,2,SouthAfrica,Kolkata,10Nov1991,ODI,1076
34,37,4,-,8,0,0,50.00,4,caught,1,SouthAfrica,Gwalior,12Nov1991,ODI,1080
35,38,1,-,3,0,0,33.33,4,caught,1,SouthAfrica,NewDelhi,14Nov1991,ODI,1081
36,39,16,47,42,3,0,38.09,6,bowled,1,Australia,Brisbane,29Nov1991,Test,1097
37,40,7,36,25,1,0,28.00,6,caught,3,Australia,Brisbane,29Nov1991,Test,1104
38,41,1,14,9,0,0,11.11,4,caught,1,WestIndies,Perth,6Dec1991,ODI,1105
39,42,36,79,65,3,0,55.38,4,caught,1,Australia,Perth,8Dec1991,ODI,1141
40,43,57,111,107,3,0,53.27,4,caught,1,Australia,Hobart,10Dec1991,ODI,1198
41,44,48,62,57,2,0,84.21,4,caught,1,WestIndies,Adelaide,14Dec1991,ODI,1246
42,45,21,38,35,3,0,60.00,4,caught,1,Australia,Adelaide,15Dec1991,ODI,1267
43,46,15,33,23,0,0,65.21,7,caught,1,Australia,Melbourne,26Dec1991,Test,1282
44,47,40,122,107,5,0,37.38,7,caught,3,Australia,Melbourne,26Dec1991,Test,1322
45,48,148,298,213,14,0,69.48,6,notout,2,Australia,Sydney,2Jan1992,Test,1470
46,49,77,157,127,5,0,60.62,4,caught,1,WestIndies,Brisbane,11Jan1992,ODI,1547
47,50,31,64,44,1,0,70.45,5,runout,1,Australia,Sydney,14Jan1992,ODI,1578
48,51,57,118,88,2,0,64.77,4,notout,2,WestIndies,Melbourne,16Jan1992,ODI,1635
49,52,4,12,10,0,0,40.00,4,caught,2,Australia,Melbourne,18Jan1992,ODI,1639
50,53,69,116,100,3,0,69.00,4,caught,2,Australia,Sydney,20Jan1992,ODI,1708
51,54,6,20,8,1,0,75.00,6,lbw,2,Australia,Adelaide,25Jan1992,Test,1714
52,55,17,36,29,2,0,58.62,4,lbw,4,Australia,Adelaide,25Jan1992,Test,1731
53,56,114,228,161,16,0,70.80,4,caught,2,Australia,Perth,1Feb1992,Test,1845
54,57,5,12,9,1,0,55.55,4,caught,4,Australia,Perth,1Feb1992,Test,1850
55,58,35,51,44,5,0,79.54,4,caught,2,England,Perth,22Feb1992,ODI,1885
56,60,11,19,19,1,0,57.89,4,caught,2,Australia,Brisbane,1Mar1992,ODI,1896
57,61,54,91,62,3,0,87.09,5,notout,1,Pakistan,Sydney,4Mar1992,ODI,1950
58,62,81,88,77,8,1,105.19,4,caught,1,Zimbabwe,Hamilton,7Mar1992,ODI,2031
59,63,4,11,11,0,0,36.36,4,caught,1,WestIndies,Wellington,10Mar1992,ODI,2035
60,64,84,122,107,6,0,78.50,4,caught,1,NewZealand,Dunedin,12Mar1992,ODI,2119
61,65,14,14,14,1,0,100.00,4,caught,1,SouthAfrica,Adelaide,15Mar1992,ODI,2133
62,66,0,4,3,0,0,0.00,4,caught,2,Zimbabwe,Harare,18Oct1992,Test,2133
63,67,39,92,56,7,0,69.64,4,caught,1,Zimbabwe,Harare,25Oct1992,ODI,2172
64,68,11,35,24,1,0,45.83,4,runout,2,SouthAfrica,Durban,13Nov1992,Test,2183
65,69,111,373,270,19,0,41.11,4,caught,2,SouthAfrica,Johannesburg,26Nov1992,Test,2294
66,70,1,6,5,0,0,20.00,4,lbw,4,SouthAfrica,Johannesburg,26Nov1992,Test,2295
67,71,15,-,27,1,0,55.55,4,bowled,1,SouthAfrica,CapeTown,7Dec1992,ODI,2310
68,72,10,-,36,0,0,27.77,4,caught,1,SouthAfrica,Gqeberha,9Dec1992,ODI,2320
69,73,22,-,24,2,0,91.66,5,caught,2,SouthAfrica,Centurion,11Dec1992,ODI,2342
70,74,21,-,44,1,0,47.72,5,caught,1,SouthAfrica,Johannesburg,13Dec1992,ODI,2363
71,75,32,-,52,1,0,61.53,5,bowled,1,SouthAfrica,Bloemfontein,15Dec1992,ODI,2395
72,76,23,-,39,0,0,58.97,5,caught,2,SouthAfrica,Durban,17Dec1992,ODI,2418
73,77,21,-,38,3,0,55.26,3,caught,2,SouthAfrica,EastLondon,19Dec1992,ODI,2439
74,78,6,27,17,1,0,35.29,4,caught,1,SouthAfrica,Gqeberha,26Dec1992,Test,2445
75,79,0,1,1,0,0,0.00,4,caught,3,SouthAfrica,Gqeberha,26Dec1992,Test,2445
76,80,73,272,208,8,1,35.09,5,caught,2,SouthAfrica,CapeTown,2Jan1993,Test,2518
77,82,82,116,81,6,1,101.23,5,notout,1,England,Jaipur,18Jan1993,ODI,2600
78,83,1,9,5,0,0,20.00,5,lbw,2,England,Chandigarh,21Jan1993,ODI,2601
79,84,50,158,118,6,0,42.37,4,caught,1,England,Kolkata,29Jan1993,Test,2651
80,85,9,17,19,2,0,47.36,4,notout,4,England,Kolkata,29Jan1993,Test,2660
81,86,165,361,296,24,1,55.74,4,caught,1,England,Chennai,11Feb1993,Test,2825
82,87,78,285,213,10,0,36.61,4,lbw,2,England,Wankhede,19Feb1993,Test,2903
83,88,3,7,6,0,0,50.00,4,caught,2,England,Bengaluru,26Feb1993,ODI,2906
84,89,24,42,32,1,0,75.00,4,bowled,1,England,Jamshedpur,1Mar1993,ODI,2930
85,90,5,7,6,1,0,83.33,5,bowled,2,England,Gwalior,4Mar1993,ODI,2935
86,91,34,42,30,2,1,113.33,5,caught,2,England,Gwalior,5Mar1993,ODI,2969
87,92,62,128,114,7,0,54.38,4,caught,1,Zimbabwe,Delhi,13Mar1993,Test,3031
88,93,3,16,9,0,0,33.33,5,caught,1,Zimbabwe,Faridabad,19Mar1993,ODI,3034
89,94,8,8,6,0,0,133.33,5,notout,2,Zimbabwe,Guwahati,22Mar1993,ODI,3042
90,97,21,-,39,1,0,53.84,5,caught,1,SriLanka,Colombo(RPS),25Jul1993,ODI,3063
91,98,28,74,52,5,0,53.84,4,caught,1,SriLanka,Colombo(SSC),27Jul1993,Test,3091
92,99,104,217,161,11,1,64.59,4,notout,3,SriLanka,Colombo(SSC),27Jul1993,Test,3195
93,100,71,202,152,10,0,46.71,4,caught,2,SriLanka,Colombo(PSS),4Aug1993,Test,3266
94,101,15,-,30,0,0,50.00,5,runout,2,SriLanka,Colombo(RPS),12Aug1993,ODI,3281
95,102,25,-,39,1,0,64.10,5,caught,1,SriLanka,Moratuwa,14Aug1993,ODI,3306
96,103,26,-,30,4,0,86.66,5,notout,2,SriLanka,Kanpur,7Nov1993,ODI,3332
97,104,2,-,8,0,0,25.00,5,lbw,2,WestIndies,Ahmedabad,16Nov1993,ODI,3334
98,105,24,22,16,1,1,150.00,6,caught,1,Zimbabwe,Indore,18Nov1993,ODI,3358
99,106,3,-,25,0,0,12.00,4,caught,1,SouthAfrica,Mohali,22Nov1993,ODI,3361
100,107,15,-,31,3,0,48.38,5,caught,1,SouthAfrica,Kolkata,24Nov1993,ODI,3376
101,108,28,-,43,2,0,65.11,5,notout,1,WestIndies,Kolkata,27Nov1993,ODI,3404
102,109,142,260,224,22,0,63.39,4,caught,1,SriLanka,Lucknow,18Jan1994,Test,3546
103,110,96,180,140,15,0,68.57,4,bowled,1,SriLanka,Bengaluru,26Jan1994,Test,3642
104,111,6,25,14,1,0,42.85,4,bowled,2,SriLanka,Ahmedabad,8Feb1994,Test,3648
105,112,1,10,5,0,0,20.00,5,caught,1,SriLanka,Rajkot,15Feb1994,ODI,3649
106,113,11,25,18,0,0,61.11,5,notout,2,SriLanka,Hyderabad(Deccan),18Feb1994,ODI,3660
107,114,52,83,63,3,0,82.53,5,runout,1,SriLanka,Jalandhar,20Feb1994,ODI,3712
108,115,43,55,47,7,0,91.48,4,caught,2,NewZealand,Hamilton,19Mar1994,Test,3755
109,116,11,57,42,0,0,26.19,4,notout,4,NewZealand,Hamilton,19Mar1994,Test,3766
110,117,15,22,19,1,0,78.94,5,caught,2,NewZealand,Napier,25Mar1994,ODI,3781
111,118,82,69,49,15,2,167.34,2,caught,2,NewZealand,Auckland,27Mar1994,ODI,3863
112,119,63,91,75,9,0,84.00,2,lbw,1,NewZealand,Wellington,30Mar1994,ODI,3926
113,120,40,34,26,8,0,153.84,2,bowled,1,NewZealand,Christchurch,2Apr1994,ODI,3966
114,121,63,125,77,7,1,81.81,2,caught,1,U.A.E.,Sharjah,13Apr1994,ODI,4029
115,122,73,96,64,10,3,114.06,2,caught,1,Pakistan,Sharjah,15Apr1994,ODI,4102
116,123,6,12,7,1,0,85.71,2,caught,2,Australia,Sharjah,19Apr1994,ODI,4108
117,124,24,59,26,4,0,92.30,2,caught,2,Pakistan,Sharjah,22Apr1994,ODI,4132
118,125,11,-,16,2,0,68.75,2,notout,1,SriLanka,Colombo(RPS),4Sep1994,ODI,4143
119,126,6,13,5,0,0,120.00,2,caught,1,SriLanka,Colombo(RPS),5Sep1994,ODI,4149
120,127,110,186,130,8,2,84.61,2,bowled,1,Australia,Colombo(RPS),9Sep1994,ODI,4259
121,128,0,6,2,0,0,0.00,2,caught,2,SriLanka,Colombo(SSC),17Sep1994,ODI,4259
122,129,0,3,4,0,0,0.00,2,caught,2,WestIndies,Faridabad,17Oct1994,ODI,4259
123,130,0,7,4,0,0,0.00,2,caught,2,WestIndies,Wankhede,20Oct1994,ODI,4259
124,131,8,28,24,0,0,33.33,3,caught,2,WestIndies,Chennai,23Oct1994,ODI,4267
125,132,115,184,136,9,3,84.55,2,runout,2,NewZealand,Vadodara,28Oct1994,ODI,4382
126,133,34,53,47,7,0,72.34,2,bowled,2,WestIndies,Kanpur,30Oct1994,ODI,4416
127,134,62,80,54,13,0,114.81,2,bowled,1,NewZealand,Delhi,3Nov1994,ODI,4478
128,135,66,101,68,8,0,97.05,2,caught,1,WestIndies,Kolkata,5Nov1994,ODI,4544
129,136,54,130,64,5,0,84.37,2,caught,1,WestIndies,Visakhapatnam,7Nov1994,ODI,4598
130,137,88,147,112,10,0,78.57,2,bowled,2,WestIndies,Cuttack,9Nov1994,ODI,4686
131,138,105,180,134,10,0,78.35,2,caught,1,WestIndies,Jaipur,11Nov1994,ODI,4791
132,139,34,70,43,7,0,79.06,4,lbw,1,WestIndies,Wankhede,18Nov1994,Test,4825
133,140,85,178,130,10,1,65.38,5,caught,3,WestIndies,Wankhede,18Nov1994,Test,4910
134,141,179,414,322,24,1,55.59,4,caught,1,WestIndies,Nagpur,1Dec1994,Test,5089
135,142,54,180,138,3,0,39.13,4,caught,3,WestIndies,Nagpur,1Dec1994,Test,5143
136,143,40,72,55,9,0,72.72,4,caught,2,WestIndies,Mohali,10Dec1994,Test,5183
137,144,10,38,24,2,0,41.66,4,caught,4,WestIndies,Mohali,10Dec1994,Test,5193
138,145,13,30,15,3,0,86.66,2,caught,1,NewZealand,Napier,16Feb1995,ODI,5206
139,146,37,75,51,3,1,72.54,2,caught,2,SouthAfrica,Hamilton,18Feb1995,ODI,5243
140,147,47,65,40,7,0,117.50,2,caught,2,Australia,Dunedin,22Feb1995,ODI,5290
141,148,48,37,30,9,1,160.00,2,bowled,2,Bangladesh,Sharjah,5Apr1995,ODI,5338
142,149,4,13,9,1,0,44.44,2,caught,2,Pakistan,Sharjah,7Apr1995,ODI,5342
143,150,112,137,107,15,1,104.67,2,notout,2,SriLanka,Sharjah,9Apr1995,ODI,5454
144,151,41,51,41,5,0,100.00,2,caught,2,SriLanka,Sharjah,14Apr1995,ODI,5495
145,152,4,7,4,1,0,100.00,4,caught,2,NewZealand,Bengaluru,18Oct1995,Test,5499
146,153,0,3,0,0,0,-,4,notout,4,NewZealand,Bengaluru,18Oct1995,Test,5499
147,154,52,98,88,5,0,59.09,4,notout,1,NewZealand,Chennai,25Oct1995,Test,5551
148,155,2,8,8,0,0,25.00,4,bowled,1,NewZealand,Cuttack,8Nov1995,Test,5553
149,156,30,30,20,5,0,150.00,2,caught,1,NewZealand,Jamshedpur,15Nov1995,ODI,5583
150,157,39,79,51,4,0,76.47,2,caught,2,NewZealand,Amritsar,18Nov1995,ODI,5622
151,158,7,27,11,1,0,63.63,2,caught,2,NewZealand,Pune,24Nov1995,ODI,5629
152,159,65,96,59,9,1,110.16,2,runout,2,NewZealand,Nagpur,26Nov1995,ODI,5694
153,160,1,14,4,0,0,25.00,2,bowled,2,NewZealand,Brabourne,29Nov1995,ODI,5695
154,161,127,175,138,15,1,92.02,2,notout,2,Kenya,Cuttack,18Feb1996,ODI,5822
155,162,70,137,91,8,0,76.92,2,runout,2,WestIndies,Gwalior,21Feb1996,ODI,5892
156,163,90,124,84,14,1,107.14,2,stumped,2,Australia,Wankhede,27Feb1996,ODI,5982
157,164,137,198,137,8,5,100.00,2,runout,1,SriLanka,Delhi,2Mar1996,ODI,6119
158,165,3,10,12,0,0,25.00,1,bowled,1,Zimbabwe,Kanpur,6Mar1996,ODI,6122
159,166,31,103,59,3,0,52.54,2,bowled,1,Pakistan,Bengaluru,9Mar1996,ODI,6153
160,167,65,96,88,9,0,73.86,1,stumped,2,SriLanka,Kolkata,13Mar1996,ODI,6218
161,168,28,-,31,3,1,90.32,1,caught,1,SriLanka,Singapore,3Apr1996,ODI,6246
162,169,100,-,111,9,1,90.09,2,stumped,1,Pakistan,Singapore,5Apr1996,ODI,6346
163,170,1,-,5,0,0,20.00,2,caught,2,Pakistan,Sharjah,12Apr1996,ODI,6347
164,171,2,23,15,0,0,13.33,2,caught,2,SouthAfrica,Sharjah,14Apr1996,ODI,6349
165,172,118,-,140,8,2,84.28,2,caught,1,Pakistan,Sharjah,15Apr1996,ODI,6467
166,173,17,32,26,2,0,65.38,2,caught,1,SouthAfrica,Sharjah,17Apr1996,ODI,6484
167,174,57,104,71,6,0,80.28,2,runout,2,SouthAfrica,Sharjah,19Apr1996,ODI,6541
168,175,30,30,19,5,1,157.89,2,lbw,2,England,TheOval,23May1996,ODI,6571
169,176,6,26,19,0,0,31.57,2,runout,1,England,Leeds,25May1996,ODI,6577
170,177,1,18,11,0,0,9.09,2,caught,1,England,Manchester,26May1996,ODI,6578
171,178,24,71,41,4,0,58.53,4,bowled,1,England,Birmingham,6Jun1996,Test,6602
172,179,122,263,177,19,1,68.92,4,caught,3,England,Birmingham,6Jun1996,Test,6724
173,180,31,81,59,5,0,52.54,4,bowled,2,England,Lord's,20Jun1996,Test,6755
174,181,177,462,360,26,0,49.16,4,caught,1,England,Nottingham,4Jul1996,Test,6932
175,182,74,111,97,11,1,76.28,4,caught,3,England,Nottingham,4Jul1996,Test,7006
176,183,110,-,138,5,1,79.71,2,runout,1,SriLanka,Colombo(RPS),28Aug1996,ODI,7116
177,184,40,60,46,8,0,86.95,2,caught,2,Zimbabwe,Colombo(SSC),1Sep1996,ODI,7156
178,185,7,24,11,1,0,63.63,2,caught,1,Australia,Colombo(SSC),6Sep1996,ODI,7163
179,186,89,-,89,9,3,100.00,2,notout,2,Pakistan,Toronto,16Sep1996,ODI,7252
180,187,20,-,23,3,0,86.95,2,caught,1,Pakistan,Toronto,17Sep1996,ODI,7272
181,188,2,-,13,0,0,15.38,2,caught,1,Pakistan,Toronto,18Sep1996,ODI,7274
182,189,3,-,9,0,0,33.33,2,caught,2,Pakistan,Toronto,21Sep1996,ODI,7277
183,190,23,-,44,0,1,52.27,2,runout,2,Pakistan,Toronto,23Sep1996,ODI,7300
184,191,10,12,11,2,0,90.90,4,caught,2,Australia,Delhi,10Oct1996,Test,7310
185,192,0,6,7,0,0,0.00,4,bowled,4,Australia,Delhi,10Oct1996,Test,7310
186,193,11,20,8,2,0,137.50,2,caught,2,SouthAfrica,Hyderabad(Deccan),17Oct1996,ODI,7321
187,194,88,189,111,9,0,79.27,2,lbw,2,Australia,Bengaluru,21Oct1996,ODI,7409
188,195,64,133,93,3,0,68.81,2,caught,2,SouthAfrica,Jaipur,23Oct1996,ODI,7473
189,196,28,55,38,5,0,73.68,1,lbw,1,SouthAfrica,Rajkot,29Oct1996,ODI,7501
190,197,62,-,61,8,0,101.63,1,caught,1,Australia,Mohali,3Nov1996,ODI,7563
191,198,67,128,88,6,0,76.13,2,caught,1,SouthAfrica,Wankhede,6Nov1996,ODI,7630
192,199,42,80,64,7,0,65.62,4,caught,1,SouthAfrica,Ahmedabad,20Nov1996,Test,7672
193,200,7,43,33,1,0,21.21,4,caught,3,SouthAfrica,Ahmedabad,20Nov1996,Test,7679
194,201,18,91,62,3,0,29.03,4,bowled,2,SouthAfrica,Kolkata,27Nov1996,Test,7697
195,202,2,28,25,0,0,8.00,4,caught,4,SouthAfrica,Kolkata,27Nov1996,Test,7699
196,203,61,211,173,4,1,35.26,4,caught,1,SouthAfrica,Kanpur,8Dec1996,Test,7760
197,204,36,129,98,4,0,36.73,5,caught,3,SouthAfrica,Kanpur,8Dec1996,Test,7796
198,205,114,157,126,14,0,90.47,1,stumped,1,SouthAfrica,Wankhede,14Dec1996,ODI,7910
199,206,15,58,45,2,0,33.33,4,bowled,2,SouthAfrica,Durban,26Dec1996,Test,7925
200,207,4,32,25,1,0,16.00,4,caught,4,SouthAfrica,Durban,26Dec1996,Test,7929
201,208,169,329,254,26,0,66.53,5,caught,2,SouthAfrica,CapeTown,2Jan1997,Test,8098
202,209,9,38,28,1,0,32.14,5,caught,4,SouthAfrica,CapeTown,2Jan1997,Test,8107
203,210,35,72,55,7,0,63.63,4,caught,1,SouthAfrica,Johannesburg,16Jan1997,Test,8142
204,211,9,13,11,2,0,81.81,4,caught,3,SouthAfrica,Johannesburg,16Jan1997,Test,8151
205,212,0,12,4,0,0,0.00,2,bowled,2,SouthAfrica,Bloemfontein,23Jan1997,ODI,8151
206,213,6,8,8,1,0,75.00,1,caught,2,Zimbabwe,Paarl,27Jan1997,ODI,8157
207,214,1,14,14,0,0,7.14,4,bowled,1,SouthAfrica,Gqeberha,2Feb1997,ODI,8158
208,215,14,34,24,2,0,58.33,3,caught,1,SouthAfrica,EastLondon,4Feb1997,ODI,8172
209,216,41,81,56,1,1,73.21,4,caught,1,Zimbabwe,Centurion,7Feb1997,ODI,8213
210,217,104,121,97,8,1,107.21,2,caught,2,Zimbabwe,Benoni,9Feb1997,ODI,8317
211,218,32,55,27,6,0,118.51,2,caught,1,SouthAfrica,Durban,12Feb1997,ODI,8349
212,219,45,48,33,7,1,136.36,2,caught,2,SouthAfrica,Durban,13Feb1997,ODI,8394
213,220,13,18,15,0,1,86.66,2,caught,1,Zimbabwe,Bulawayo,15Feb1997,ODI,8407
214,221,7,40,30,1,0,23.33,4,bowled,2,WestIndies,Kingston,6Mar1997,Test,8414
215,222,15,43,36,1,0,41.66,4,notout,4,WestIndies,Kingston,6Mar1997,Test,8429
216,223,88,306,233,9,0,37.76,4,runout,2,WestIndies,PortofSpain,14Mar1997,Test,8517
217,224,92,222,147,14,1,62.58,4,caught,2,WestIndies,Bridgetown,27Mar1997,Test,8609
218,225,4,25,14,0,0,28.57,4,caught,4,WestIndies,Bridgetown,27Mar1997,Test,8613
219,227,83,287,231,9,0,35.93,4,caught,1,WestIndies,Georgetown,17Apr1997,Test,8696
220,228,44,57,43,10,0,102.32,1,caught,1,WestIndies,PortofSpain,26Apr1997,ODI,8740
221,229,65,111,70,7,0,92.85,1,notout,2,WestIndies,PortofSpain,27Apr1997,ODI,8805
222,230,9,22,15,1,0,60.00,1,bowled,2,WestIndies,Kingstown,30Apr1997,ODI,8814
223,231,1,17,11,0,0,9.09,1,caught,1,WestIndies,Bridgetown,3May1997,ODI,8815
224,232,117,188,137,13,2,85.40,2,bowled,2,NewZealand,Bengaluru,14May1997,ODI,8932
225,233,2,19,4,0,0,50.00,2,caught,1,SriLanka,Wankhede,17May1997,ODI,8934
226,234,4,10,7,1,0,57.14,1,caught,2,Pakistan,Chennai,21May1997,ODI,8938
227,235,21,49,28,3,0,75.00,1,bowled,1,SriLanka,Colombo(RPS),18Jul1997,ODI,8959
228,237,28,36,21,5,0,133.33,2,bowled,2,Bangladesh,Colombo(SSC),24Jul1997,ODI,8987
229,238,53,109,67,2,0,79.10,4,caught,1,SriLanka,Colombo(RPS),26Jul1997,ODI,9040
230,239,143,292,247,20,0,57.89,4,caught,1,SriLanka,Colombo(RPS),2Aug1997,Test,9183
231,240,139,397,266,16,0,52.25,4,caught,2,SriLanka,Colombo(SSC),9Aug1997,Test,9322
232,241,8,43,44,1,0,18.18,4,caught,4,SriLanka,Colombo(SSC),9Aug1997,Test,9330
233,242,27,55,28,3,0,96.42,1,caught,2,SriLanka,Colombo(RPS),17Aug1997,ODI,9357
234,243,6,4,6,1,0,100.00,1,lbw,1,SriLanka,Colombo(RPS),20Aug1997,ODI,9363
235,244,27,47,31,4,0,87.09,2,caught,1,SriLanka,Colombo(SSC),23Aug1997,ODI,9390
236,245,39,41,32,3,2,121.87,1,caught,2,SriLanka,Colombo(SSC),24Aug1997,ODI,9429
237,246,17,82,54,2,0,31.48,1,caught,1,Pakistan,Toronto,13Sep1997,ODI,9446
238,247,25,66,45,3,0,55.55,4,notout,2,Pakistan,Toronto,14Sep1997,ODI,9471
239,249,0,26,10,0,0,0.00,4,caught,1,Pakistan,Toronto,18Sep1997,ODI,9471
240,250,6,10,7,1,0,85.71,1,caught,2,Pakistan,Toronto,20Sep1997,ODI,9477
241,251,51,106,64,4,1,79.68,1,lbw,1,Pakistan,Toronto,21Sep1997,ODI,9528
242,252,2,17,11,0,0,18.18,1,bowled,1,Pakistan,Hyderabad(Sind),28Sep1997,ODI,9530
243,253,21,24,18,2,1,116.66,1,caught,2,Pakistan,Karachi,30Sep1997,ODI,9551
244,254,7,19,11,1,0,63.63,1,caught,1,Pakistan,Lahore,2Oct1997,ODI,9558
245,255,23,129,93,2,0,24.73,4,caught,2,SriLanka,Mohali,19Nov1997,Test,9581
246,256,15,38,20,1,1,75.00,4,bowled,1,SriLanka,Nagpur,26Nov1997,Test,9596
247,257,148,320,244,20,3,60.65,5,bowled,1,SriLanka,Wankhede,3Dec1997,Test,9744
248,258,13,28,16,1,0,81.25,4,caught,3,SriLanka,Wankhede,3Dec1997,Test,9757
249,259,91,146,87,4,2,104.59,4,stumped,2,England,Sharjah,11Dec1997,ODI,9848
250,260,3,4,4,0,0,75.00,5,caught,1,Pakistan,Sharjah,14Dec1997,ODI,9851
251,261,1,3,2,0,0,50.00,4,runout,2,WestIndies,Sharjah,16Dec1997,ODI,9852
252,262,82,110,86,6,0,95.34,4,notout,2,SriLanka,Guwahati,22Dec1997,ODI,9934
253,264,6,23,13,0,0,46.15,3,caught,1,SriLanka,Margao,28Dec1997,ODI,9940
254,265,54,104,76,4,0,71.05,4,caught,2,Bangladesh,Dhaka,10Jan1998,ODI,9994
255,266,67,-,44,11,0,152.27,2,stumped,1,Pakistan,Dhaka,11Jan1998,ODI,10061
256,267,95,104,78,6,5,121.79,2,bowled,2,Pakistan,Dhaka,14Jan1998,ODI,10156
257,268,1,14,6,0,0,16.66,2,bowled,1,Pakistan,Dhaka,16Jan1998,ODI,10157
258,269,41,-,26,7,1,157.69,2,caught,2,Pakistan,Dhaka,18Jan1998,ODI,10198
259,270,4,7,5,1,0,80.00,4,caught,1,Australia,Chennai,6Mar1998,Test,10202
260,271,155,286,191,14,4,81.15,4,notout,3,Australia,Chennai,6Mar1998,Test,10357
261,272,79,109,86,12,2,91.86,4,caught,2,Australia,Kolkata,18Mar1998,Test,10436
262,273,177,298,207,29,3,85.50,4,bowled,1,Australia,Bengaluru,25Mar1998,Test,10613
263,274,31,75,64,4,0,48.43,4,caught,3,Australia,Bengaluru,25Mar1998,Test,10644
264,275,8,21,11,1,0,72.72,2,caught,1,Australia,Kochi,1Apr1998,ODI,10652
265,276,5,44,17,0,0,29.41,2,runout,1,Zimbabwe,Vadodara,5Apr1998,ODI,10657
266,277,100,132,89,5,7,112.35,2,caught,2,Australia,Kanpur,7Apr1998,ODI,10757
267,278,1,18,2,0,0,50.00,2,caught,1,Zimbabwe,Cuttack,9Apr1998,ODI,10758
268,279,15,45,24,2,0,62.50,2,caught,1,Australia,Delhi,14Apr1998,ODI,10773
269,280,40,62,41,5,1,97.56,1,caught,1,NewZealand,Sharjah,17Apr1998,ODI,10813
270,281,80,136,72,9,0,111.11,2,caught,2,Australia,Sharjah,19Apr1998,ODI,10893
271,282,38,93,58,2,0,65.51,1,runout,1,NewZealand,Sharjah,20Apr1998,ODI,10931
272,283,143,187,131,9,5,109.16,2,caught,2,Australia,Sharjah,22Apr1998,ODI,11074
273,284,134,195,131,12,3,102.29,2,lbw,2,Australia,Sharjah,24Apr1998,ODI,11208
274,285,33,48,29,6,0,113.79,2,caught,2,Bangladesh,Wankhede,25May1998,ODI,11241
275,286,18,33,25,2,0,72.00,2,caught,2,Kenya,Gwalior,28May1998,ODI,11259
276,287,100,156,103,13,0,97.08,2,notout,2,Kenya,Kolkata,31May1998,ODI,11359
277,288,65,79,50,9,0,130.00,2,caught,2,SriLanka,Colombo(RPS),19Jun1998,ODI,11424
278,289,53,43,36,3,3,147.22,2,caught,2,NewZealand,Colombo(RPS),23Jun1998,ODI,11477
279,290,17,28,16,4,0,106.25,2,caught,2,SriLanka,Colombo(SSC),1Jul1998,ODI,11494
280,292,128,182,131,8,2,97.70,2,stumped,1,SriLanka,Colombo(RPS),7Jul1998,ODI,11622
281,293,77,157,109,9,0,70.64,2,caught,1,Pakistan,Toronto,20Sep1998,ODI,11699
282,294,127,155,130,13,1,97.69,2,notout,2,Zimbabwe,Bulawayo,26Sep1998,ODI,11826
283,295,29,33,21,4,1,138.09,1,caught,2,Zimbabwe,Bulawayo,27Sep1998,ODI,11855
284,296,2,7,6,0,0,33.33,2,caught,2,Zimbabwe,Harare,30Sep1998,ODI,11857
285,297,34,103,68,3,0,50.00,5,caught,2,Zimbabwe,Harare,7Oct1998,Test,11891
286,298,7,27,14,0,0,50.00,4,caught,4,Zimbabwe,Harare,7Oct1998,Test,11898
287,299,141,191,128,13,3,110.15,2,runout,1,Australia,Dhaka,28Oct1998,ODI,12039
288,300,8,20,14,1,0,57.14,2,caught,1,WestIndies,Dhaka,31Oct1998,ODI,12047
289,301,3,15,6,0,0,50.00,2,caught,2,SriLanka,Sharjah,6Nov1998,ODI,12050
290,302,118,173,112,14,2,105.35,2,notout,2,Zimbabwe,Sharjah,8Nov1998,ODI,12168
291,303,18,57,28,2,0,64.28,1,caught,1,SriLanka,Sharjah,9Nov1998,ODI,12186
292,304,11,33,12,2,0,91.66,2,caught,2,Zimbabwe,Sharjah,11Nov1998,ODI,12197
293,305,124,140,92,12,6,134.78,2,notout,2,Zimbabwe,Sharjah,13Nov1998,ODI,12321
294,306,47,95,72,7,0,65.27,5,caught,1,NewZealand,Wellington,26Dec1998,Test,12368
295,307,113,200,151,13,2,74.83,5,caught,3,NewZealand,Wellington,26Dec1998,Test,12481
296,308,67,118,93,9,1,72.04,4,lbw,2,NewZealand,Hamilton,2Jan1999,Test,12548
297,310,0,10,5,0,0,0.00,2,caught,1,NewZealand,Taupo,9Jan1999,ODI,12548
298,311,23,37,19,4,0,121.05,2,caught,2,NewZealand,Napier,12Jan1999,ODI,12571
299,312,45,68,42,2,2,107.14,2,stumped,1,NewZealand,Wellington,14Jan1999,ODI,12616
300,313,5,27,12,1,0,41.66,1,lbw,2,NewZealand,Auckland,16Jan1999,ODI,12621
301,314,0,5,3,0,0,0.00,4,caught,2,Pakistan,Chennai,28Jan1999,Test,12621
302,315,136,405,273,18,0,49.81,4,caught,4,Pakistan,Chennai,28Jan1999,Test,12757
303,316,6,13,11,1,0,54.54,4,lbw,1,Pakistan,Delhi,4Feb1999,Test,12763
304,317,29,99,65,4,0,44.61,4,caught,3,Pakistan,Delhi,4Feb1999,Test,12792
305,318,0,2,1,0,0,0.00,5,bowled,2,Pakistan,Kolkata,16Feb1999,Test,12792
306,319,9,18,13,1,0,69.23,4,runout,4,Pakistan,Kolkata,16Feb1999,Test,12801
307,320,53,94,54,10,0,98.14,4,caught,1,SriLanka,Colombo(SSC),24Feb1999,Test,12854
308,321,124,308,235,10,1,52.76,4,notout,3,SriLanka,Colombo(SSC),24Feb1999,Test,12978
309,322,28,71,46,5,0,60.86,2,caught,1,SouthAfrica,Hove,15May1999,ODI,13006
310,323,140,114,101,16,3,138.61,4,notout,1,Kenya,Bristol,23May1999,ODI,13146
311,324,2,10,3,0,0,66.66,4,bowled,1,SriLanka,Taunton,26May1999,ODI,13148
312,325,22,49,40,2,0,55.00,4,caught,1,England,Birmingham,29May1999,ODI,13170
313,326,0,5,4,0,0,0.00,2,caught,2,Australia,TheOval,4Jun1999,ODI,13170
314,327,45,92,65,5,0,69.23,1,caught,1,Pakistan,Manchester,8Jun1999,ODI,13215
315,328,16,26,22,2,0,72.72,1,bowled,1,NewZealand,Nottingham,12Jun1999,ODI,13231
316,329,14,52,33,0,0,42.42,2,caught,1,Australia,Galle,23Aug1999,ODI,13245
317,330,37,105,58,1,0,63.79,2,runout,1,SriLanka,Colombo(RPS),25Aug1999,ODI,13282
318,331,120,191,141,11,2,85.10,1,caught,1,SriLanka,Colombo(SSC),29Aug1999,ODI,13402
319,332,85,114,72,7,3,118.05,2,caught,1,Zimbabwe,Singapore,4Sep1999,ODI,13487
320,333,40,97,65,6,0,61.53,1,caught,1,WestIndies,Singapore,7Sep1999,ODI,13527
321,334,0,-,6,0,0,0.00,1,caught,1,WestIndies,Singapore,8Sep1999,ODI,13527
322,335,18,61,34,3,0,52.94,4,bowled,1,NewZealand,Mohali,10Oct1999,Test,13545
323,336,126,397,248,14,0,50.80,4,notout,3,NewZealand,Mohali,10Oct1999,Test,13671
324,337,15,76,54,3,0,27.77,4,caught,2,NewZealand,Kanpur,22Oct1999,Test,13686
325,338,44,58,39,8,0,112.82,4,notout,4,NewZealand,Kanpur,22Oct1999,Test,13730
326,339,217,494,344,29,0,63.08,4,caught,1,NewZealand,Ahmedabad,29Oct1999,Test,13947
327,340,15,16,10,3,0,150.00,2,bowled,3,NewZealand,Ahmedabad,29Oct1999,Test,13962
328,341,32,61,31,2,1,103.22,2,caught,2,NewZealand,Rajkot,5Nov1999,ODI,13994
329,342,186,221,150,20,3,124.00,2,notout,1,NewZealand,Hyderabad(Deccan),8Nov1999,ODI,14180
330,343,1,41,23,0,0,4.34,2,caught,1,NewZealand,Gwalior,11Nov1999,ODI,14181
331,344,2,21,10,0,0,20.00,2,caught,2,NewZealand,Guwahati,14Nov1999,ODI,14183
332,345,0,2,3,0,0,0.00,4,caught,2,NewZealand,Delhi,17Nov1999,ODI,14183
333,346,61,181,133,8,0,45.86,5,caught,2,Australia,Adelaide,10Dec1999,Test,14244
334,347,0,6,5,0,0,0.00,5,lbw,4,Australia,Adelaide,10Dec1999,Test,14244
335,348,116,283,191,9,1,60.73,4,caught,2,Australia,Melbourne,26Dec1999,Test,14360
336,349,52,162,122,4,0,42.62,4,lbw,4,Australia,Melbourne,26Dec1999,Test,14412
337,350,45,82,53,8,0,84.90,4,lbw,1,Australia,Sydney,2Jan2000,Test,14457
338,351,4,6,4,1,0,100.00,4,caught,3,Australia,Sydney,2Jan2000,Test,14461
339,352,13,28,26,2,0,50.00,4,bowled,1,Pakistan,Brisbane,10Jan2000,ODI,14474
340,353,12,25,11,2,0,109.09,4,runout,2,Australia,Melbourne,12Jan2000,ODI,14486
341,354,1,13,11,0,0,9.09,2,caught,1,Australia,Sydney,14Jan2000,ODI,14487
342,355,93,157,103,10,0,90.29,1,bowled,2,Pakistan,Hobart,21Jan2000,ODI,14580
343,356,41,69,46,5,0,89.13,1,caught,1,Pakistan,Adelaide,25Jan2000,ODI,14621
344,357,18,45,28,2,0,64.28,1,caught,2,Australia,Adelaide,26Jan2000,ODI,14639
345,358,17,19,14,4,0,121.42,1,caught,2,Pakistan,Perth,28Jan2000,ODI,14656
346,359,3,23,21,0,0,14.28,2,bowled,1,Australia,Perth,30Jan2000,ODI,14659
347,360,97,208,163,12,2,59.50,4,caught,1,SouthAfrica,Wankhede,24Feb2000,Test,14756
348,361,8,20,11,2,0,72.72,4,lbw,3,SouthAfrica,Wankhede,24Feb2000,Test,14764
349,362,21,120,76,3,0,27.63,4,caught,1,SouthAfrica,Bengaluru,2Mar2000,Test,14785
350,363,20,76,53,2,0,37.73,4,caught,3,SouthAfrica,Bengaluru,2Mar2000,Test,14805
351,364,26,66,25,4,0,104.00,2,caught,2,SouthAfrica,Kochi,9Mar2000,ODI,14831
352,365,21,39,31,3,0,67.74,2,caught,2,SouthAfrica,Jamshedpur,12Mar2000,ODI,14852
353,366,12,48,28,1,0,42.85,2,lbw,1,SouthAfrica,Faridabad,15Mar2000,ODI,14864
354,367,122,195,138,12,0,88.40,2,caught,2,SouthAfrica,Vadodara,17Mar2000,ODI,14986
355,368,93,119,89,7,4,104.49,2,caught,2,SouthAfrica,Nagpur,19Mar2000,ODI,15079
356,369,5,10,8,0,0,62.50,2,bowled,1,SouthAfrica,Sharjah,22Mar2000,ODI,15084
357,370,11,54,28,1,0,39.28,2,lbw,2,Pakistan,Sharjah,23Mar2000,ODI,15095
358,371,10,23,18,1,0,55.55,2,bowled,2,Pakistan,Sharjah,26Mar2000,ODI,15105
359,372,39,117,68,3,0,57.35,1,runout,1,SouthAfrica,Sharjah,27Mar2000,ODI,15144
360,373,36,55,25,4,2,144.00,2,caught,2,Bangladesh,Dhaka,30May2000,ODI,15180
361,374,93,174,95,10,0,97.89,2,caught,2,SriLanka,Dhaka,1Jun2000,ODI,15273
362,375,25,74,30,4,0,83.33,2,lbw,2,Pakistan,Dhaka,3Jun2000,ODI,15298
363,376,25,55,35,4,0,71.42,2,lbw,2,Kenya,Nairobi(Gym),3Oct2000,ODI,15323
364,377,38,58,37,3,3,102.70,2,caught,1,Australia,Nairobi(Gym),7Oct2000,ODI,15361
365,378,39,61,50,4,0,78.00,2,caught,1,SouthAfrica,Nairobi(Gym),13Oct2000,ODI,15400
366,379,69,103,83,10,1,83.13,2,runout,1,NewZealand,Nairobi(Gym),15Oct2000,ODI,15469
367,380,101,-,140,3,1,72.14,2,runout,1,SriLanka,Sharjah,20Oct2000,ODI,15570
368,381,8,-,15,1,0,53.33,2,caught,1,Zimbabwe,Sharjah,22Oct2000,ODI,15578
369,382,4,-,10,0,0,40.00,1,caught,2,Zimbabwe,Sharjah,26Oct2000,ODI,15582
370,383,61,-,54,7,0,112.96,2,caught,2,SriLanka,Sharjah,27Oct2000,ODI,15643
371,384,5,-,11,0,0,45.45,2,caught,2,SriLanka,Sharjah,29Oct2000,ODI,15648
372,385,18,63,41,1,0,43.90,5,caught,2,Bangladesh,Dhaka,10Nov2000,Test,15666
373,387,122,283,233,19,0,52.36,4,caught,2,Zimbabwe,Delhi,18Nov2000,Test,15788
374,388,39,45,39,8,0,100.00,4,caught,4,Zimbabwe,Delhi,18Nov2000,Test,15827
375,389,201,392,281,27,0,71.53,4,notout,1,Zimbabwe,Nagpur,25Nov2000,Test,16028
376,390,44,90,49,7,0,89.79,2,caught,2,Zimbabwe,Cuttack,2Dec2000,ODI,16072
377,391,8,27,20,0,0,40.00,1,caught,1,Zimbabwe,Ahmedabad,5Dec2000,ODI,16080
378,392,146,200,153,15,2,95.42,2,caught,1,Zimbabwe,Jodhpur,8Dec2000,ODI,16226
379,393,62,113,86,9,0,72.09,2,lbw,2,Zimbabwe,Kanpur,11Dec2000,ODI,16288
380,394,27,38,38,5,0,71.05,2,bowled,1,Zimbabwe,Rajkot,14Dec2000,ODI,16315
381,395,76,138,114,13,0,66.66,4,caught,1,Australia,Wankhede,27Feb2001,Test,16391
382,396,65,153,107,11,0,60.74,5,caught,3,Australia,Wankhede,27Feb2001,Test,16456
383,397,10,25,18,2,0,55.55,4,lbw,2,Australia,Kolkata,11Mar2001,Test,16466
384,398,10,26,23,2,0,43.47,4,caught,3,Australia,Kolkata,11Mar2001,Test,16476
385,399,126,346,230,15,2,54.78,4,caught,2,Australia,Chennai,18Mar2001,Test,16602
386,400,17,27,17,3,0,100.00,4,caught,4,Australia,Chennai,18Mar2001,Test,16619
387,401,35,47,26,6,1,134.61,2,runout,1,Australia,Bengaluru,25Mar2001,ODI,16654
388,402,32,35,29,6,1,110.34,2,caught,1,Australia,Pune,28Mar2001,ODI,16686
389,403,139,197,125,19,0,111.20,2,caught,1,Australia,Indore,31Mar2001,ODI,16825
390,404,62,68,38,11,0,163.15,2,caught,2,Australia,Visakhapatnam,3Apr2001,ODI,16887
391,405,12,17,15,2,0,80.00,2,caught,1,Australia,Margao,6Apr2001,ODI,16899
392,406,74,179,128,12,0,57.81,4,caught,2,Zimbabwe,Bulawayo,7Jun2001,Test,16973
393,407,36,41,49,4,0,73.46,4,notout,4,Zimbabwe,Bulawayo,7Jun2001,Test,17009
394,408,20,78,46,2,1,43.47,4,bowled,1,Zimbabwe,Harare,15Jun2001,Test,17029
395,409,69,185,135,9,0,51.11,4,caught,3,Zimbabwe,Harare,15Jun2001,Test,17098
396,410,70,129,70,13,0,100.00,2,notout,2,Zimbabwe,Harare,24Jun2001,ODI,17168
397,411,9,42,27,0,0,33.33,2,caught,2,Zimbabwe,Bulawayo,27Jun2001,ODI,17177
398,412,81,191,110,8,0,73.63,2,notout,2,WestIndies,Bulawayo,30Jun2001,ODI,17258
399,413,122,210,131,12,1,93.12,2,notout,2,WestIndies,Harare,4Jul2001,ODI,17380
400,414,0,10,4,0,0,0.00,2,caught,2,WestIndies,Harare,7Jul2001,ODI,17380
401,415,101,209,129,9,0,78.29,2,caught,1,SouthAfrica,Johannesburg,5Oct2001,ODI,17481
402,416,38,82,57,5,0,66.66,2,caught,1,SouthAfrica,Centurion,10Oct2001,ODI,17519
403,418,3,24,20,0,0,15.00,2,bowled,2,Kenya,Gqeberha,17Oct2001,ODI,17522
404,419,37,68,35,5,0,105.71,2,bowled,2,SouthAfrica,EastLondon,19Oct2001,ODI,17559
405,420,146,186,132,17,0,110.60,2,caught,1,Kenya,Paarl,24Oct2001,ODI,17705
406,421,17,49,42,3,0,40.47,2,bowled,1,SouthAfrica,Durban,26Oct2001,ODI,17722
407,422,155,233,184,23,1,84.23,4,caught,1,SouthAfrica,Bloemfontein,3Nov2001,Test,17877
408,423,15,60,35,2,0,42.85,4,caught,3,SouthAfrica,Bloemfontein,3Nov2001,Test,17892
409,424,1,10,4,0,0,25.00,4,caught,2,SouthAfrica,Gqeberha,16Nov2001,Test,17893
410,425,22,54,45,4,0,48.88,4,notout,4,SouthAfrica,Gqeberha,16Nov2001,Test,17915
411,426,88,229,144,13,0,61.11,5,caught,2,England,Mohali,3Dec2001,Test,18003
412,428,103,254,197,12,1,52.28,4,caught,2,England,Ahmedabad,11Dec2001,Test,18106
413,429,26,87,81,4,0,32.09,4,caught,4,England,Ahmedabad,11Dec2001,Test,18132
414,430,90,263,198,13,0,45.45,4,stumped,2,England,Bengaluru,19Dec2001,Test,18222
415,431,36,71,43,6,0,83.72,2,bowled,1,England,Kolkata,19Jan2002,ODI,18258
416,432,45,101,60,6,0,75.00,2,runout,2,England,Cuttack,22Jan2002,ODI,18303
417,433,68,110,79,10,0,86.07,1,lbw,2,England,Chennai,25Jan2002,ODI,18371
418,434,87,120,67,13,1,129.85,1,notout,2,England,Kanpur,28Jan2002,ODI,18458
419,435,18,20,16,3,0,112.50,2,caught,2,England,Delhi,31Jan2002,ODI,18476
420,436,12,22,18,1,1,66.66,2,caught,2,England,Wankhede,3Feb2002,ODI,18488
421,437,176,440,316,23,0,55.69,4,caught,2,Zimbabwe,Nagpur,21Feb2002,Test,18664
422,438,36,124,119,5,0,30.25,4,lbw,2,Zimbabwe,Delhi,28Feb2002,Test,18700
423,439,42,78,52,7,1,80.76,5,lbw,4,Zimbabwe,Delhi,28Feb2002,Test,18742
424,440,79,191,136,13,0,58.08,4,lbw,2,WestIndies,Georgetown,11Apr2002,Test,18821
425,441,117,356,260,14,0,45.00,4,lbw,1,WestIndies,PortofSpain,19Apr2002,Test,18938
426,442,0,16,4,0,0,0.00,4,lbw,3,WestIndies,PortofSpain,19Apr2002,Test,18938
427,443,0,4,2,0,0,0.00,4,caught,1,WestIndies,Bridgetown,2May2002,Test,18938
428,444,8,32,17,1,0,47.05,4,lbw,3,WestIndies,Bridgetown,2May2002,Test,18946
429,445,0,2,1,0,0,0.00,4,caught,1,WestIndies,StJohn's,10May2002,Test,18946
430,446,41,94,63,7,0,65.07,4,bowled,2,WestIndies,Kingston,18May2002,Test,18987
431,447,86,162,139,13,0,61.87,4,bowled,4,WestIndies,Kingston,18May2002,Test,19073
432,448,34,64,45,2,0,75.55,4,notout,2,WestIndies,Bridgetown,29May2002,ODI,19107
433,449,65,110,70,3,1,92.85,4,bowled,1,WestIndies,PortofSpain,2Jun2002,ODI,19172
434,450,1,12,9,0,0,11.11,4,lbw,2,England,Lord's,29Jun2002,ODI,19173
435,451,49,123,70,3,1,70.00,4,caught,2,SriLanka,TheOval,30Jun2002,ODI,19222
436,452,105,167,108,8,1,97.22,4,notout,1,England,Chester-le-Street,4Jul2002,ODI,19327
437,453,19,35,25,3,0,76.00,4,caught,2,SriLanka,Birmingham,6Jul2002,ODI,19346
438,454,36,60,29,5,0,124.13,4,caught,2,England,TheOval,9Jul2002,ODI,19382
439,455,113,141,102,12,1,110.78,4,caught,1,SriLanka,Bristol,11Jul2002,ODI,19495
440,456,14,31,19,1,0,73.68,4,bowled,2,England,Lord's,13Jul2002,ODI,19509
441,457,16,94,61,2,0,26.22,5,caught,2,England,Lord's,25Jul2002,Test,19525
442,458,12,51,35,2,0,34.28,4,bowled,4,England,Lord's,25Jul2002,Test,19537
443,459,34,90,68,6,0,50.00,4,bowled,1,England,Nottingham,8Aug2002,Test,19571
444,460,92,160,113,17,0,81.41,4,bowled,3,England,Nottingham,8Aug2002,Test,19663
445,461,193,434,330,19,3,58.48,4,lbw,1,England,Leeds,22Aug2002,Test,19856
446,462,54,114,89,10,0,60.67,4,lbw,2,England,TheOval,5Sep2002,Test,19910
447,463,7,39,16,0,0,43.75,4,caught,1,Zimbabwe,Colombo(RPS),14Sep2002,ODI,19917
448,464,9,34,20,0,0,45.00,4,notout,2,England,Colombo(RPS),22Sep2002,ODI,19926
449,465,16,39,29,1,0,55.17,4,runout,1,SouthAfrica,Colombo(RPS),25Sep2002,ODI,19942
450,467,7,33,22,1,0,31.81,3,notout,2,SriLanka,Colombo(RPS),30Sep2002,ODI,19949
451,468,35,96,88,5,0,39.77,4,caught,1,WestIndies,Wankhede,9Oct2002,Test,19984
452,469,43,156,113,5,0,38.05,4,bowled,2,WestIndies,Chennai,17Oct2002,Test,20027
453,470,16,15,20,0,0,80.00,4,notout,4,WestIndies,Chennai,17Oct2002,Test,20043
454,471,36,85,65,7,0,55.38,4,caught,1,WestIndies,Kolkata,30Oct2002,Test,20079
455,472,176,419,298,26,0,59.06,4,caught,3,WestIndies,Kolkata,30Oct2002,Test,20255
456,473,8,47,26,2,0,30.76,4,lbw,1,NewZealand,Wellington,12Dec2002,Test,20263
457,474,51,120,74,7,0,68.91,4,bowled,3,NewZealand,Wellington,12Dec2002,Test,20314
458,475,9,40,31,1,0,29.03,4,caught,1,NewZealand,Hamilton,19Dec2002,Test,20323
459,476,32,55,48,5,0,66.66,4,bowled,3,NewZealand,Hamilton,19Dec2002,Test,20355
460,477,0,9,10,0,0,0.00,4,lbw,2,NewZealand,Wellington,8Jan2003,ODI,20355
461,478,1,21,13,0,0,7.69,4,caught,2,NewZealand,Auckland,11Jan2003,ODI,20356
462,479,1,7,6,0,0,16.66,3,caught,1,NewZealand,Hamilton,14Jan2003,ODI,20357
463,480,52,91,72,7,0,72.22,2,caught,1,Netherlands,Paarl,12Feb2003,ODI,20409
464,481,36,127,59,3,0,61.01,2,lbw,1,Australia,Centurion,15Feb2003,ODI,20445
465,482,81,122,91,10,0,89.01,2,bowled,1,Zimbabwe,Harare,19Feb2003,ODI,20526
466,483,152,193,151,18,0,100.66,2,bowled,1,Namibia,Pietermaritzburg,23Feb2003,ODI,20678
467,484,50,78,52,8,1,96.15,2,caught,1,England,Durban,26Feb2003,ODI,20728
468,485,98,145,75,12,1,130.66,1,caught,2,Pakistan,Centurion,1Mar2003,ODI,20826
469,486,5,21,12,1,0,41.66,2,caught,2,Kenya,CapeTown,7Mar2003,ODI,20831
470,487,97,160,120,7,1,80.83,1,caught,1,SriLanka,Johannesburg,10Mar2003,ODI,20928
471,488,15,25,16,3,0,93.75,2,caught,2,NewZealand,Centurion,14Mar2003,ODI,20943
472,489,83,166,101,5,1,82.17,2,caught,1,Kenya,Durban,20Mar2003,ODI,21026
473,490,4,2,5,1,0,80.00,1,caught,2,Australia,Johannesburg,23Mar2003,ODI,21030
474,491,8,54,38,1,0,21.05,4,caught,1,NewZealand,Ahmedabad,8Oct2003,Test,21038
475,492,7,19,15,0,0,46.66,4,caught,3,NewZealand,Ahmedabad,8Oct2003,Test,21045
476,493,55,238,175,6,0,31.42,4,caught,2,NewZealand,Mohali,16Oct2003,Test,21100
477,494,1,15,10,0,0,10.00,4,bowled,3,NewZealand,Mohali,16Oct2003,Test,21101
478,495,48,119,66,5,0,72.72,2,notout,1,NewZealand,Chennai,23Oct2003,ODI,21149
479,496,100,158,119,9,1,84.03,2,caught,1,Australia,Gwalior,26Oct2003,ODI,21249
480,497,68,113,76,10,0,89.47,2,bowled,2,Australia,Wankhede,1Nov2003,ODI,21317
481,498,14,29,14,3,0,100.00,2,lbw,1,NewZealand,Cuttack,6Nov2003,ODI,21331
482,499,89,133,91,12,1,97.80,2,bowled,2,Australia,Bengaluru,12Nov2003,ODI,21420
483,500,102,124,91,12,1,112.08,2,caught,1,NewZealand,Hyderabad(Deccan),15Nov2003,ODI,21522
484,501,45,104,66,5,0,68.18,1,bowled,2,Australia,Kolkata,18Nov2003,ODI,21567
485,502,0,3,3,0,0,0.00,4,lbw,2,Australia,Brisbane,4Dec2003,Test,21567
486,504,1,15,6,0,0,16.66,4,caught,2,Australia,Adelaide,12Dec2003,Test,21568
487,505,37,79,59,5,0,62.71,4,lbw,4,Australia,Adelaide,12Dec2003,Test,21605
488,506,0,3,1,0,0,0.00,4,caught,1,Australia,Melbourne,26Dec2003,Test,21605
489,507,44,107,79,5,0,55.69,5,caught,3,Australia,Melbourne,26Dec2003,Test,21649
490,508,241,613,436,33,0,55.27,4,notout,1,Australia,Sydney,2Jan2004,Test,21890
491,509,60,108,89,5,0,67.41,4,notout,3,Australia,Sydney,2Jan2004,Test,21950
492,510,63,117,69,8,1,91.30,2,caught,2,Australia,Melbourne,9Jan2004,ODI,22013
493,511,44,107,59,6,0,74.57,2,bowled,2,Zimbabwe,Hobart,14Jan2004,ODI,22057
494,512,86,129,95,8,0,90.52,2,caught,1,Australia,Brisbane,18Jan2004,ODI,22143
495,513,5,17,6,1,0,83.33,2,caught,1,Australia,Perth,1Feb2004,ODI,22148
496,514,3,16,8,0,0,37.50,2,caught,2,Zimbabwe,Perth,3Feb2004,ODI,22151
497,515,8,28,22,1,0,36.36,2,bowled,1,Australia,Melbourne,6Feb2004,ODI,22159
498,516,27,38,40,4,0,67.50,2,caught,2,Australia,Sydney,8Feb2004,ODI,22186
499,517,28,49,35,4,1,80.00,2,caught,1,Pakistan,Karachi,13Mar2004,ODI,22214
500,518,141,173,135,17,1,104.44,2,caught,2,Pakistan,Rawalpindi,16Mar2004,ODI,22355
501,519,0,7,5,0,0,0.00,2,caught,1,Pakistan,Peshawar,19Mar2004,ODI,22355
502,520,7,22,13,1,0,53.84,2,caught,2,Pakistan,Lahore,21Mar2004,ODI,22362
503,521,37,60,48,7,0,77.08,2,caught,1,Pakistan,Lahore,24Mar2004,ODI,22399
504,522,194,493,348,21,0,55.74,4,notout,1,Pakistan,Multan,28Mar2004,Test,22593
505,523,2,10,6,0,0,33.33,4,lbw,1,Pakistan,Lahore,5Apr2004,Test,22595
506,524,8,17,11,1,0,72.72,4,lbw,3,Pakistan,Lahore,5Apr2004,Test,22603
507,525,1,6,3,0,0,33.33,4,caught,2,Pakistan,Rawalpindi,13Apr2004,Test,22604
508,526,18,39,25,2,0,72.00,2,caught,1,U.A.E.,Dambulla,16Jul2004,ODI,22622
509,527,11,17,13,2,0,84.61,1,caught,2,SriLanka,Dambulla,18Jul2004,ODI,22633
510,528,82,157,126,10,1,65.07,2,notout,2,Bangladesh,Colombo(SSC),21Jul2004,ODI,22715
511,529,78,192,103,6,0,75.72,2,caught,2,Pakistan,Colombo(RPS),25Jul2004,ODI,22793
512,530,18,30,21,3,0,85.71,1,lbw,1,SriLanka,Colombo(RPS),27Jul2004,ODI,22811
513,531,74,170,100,7,1,74.00,2,bowled,2,SriLanka,Colombo(RPS),1Aug2004,ODI,22885
514,532,8,49,36,0,0,22.22,4,lbw,2,Australia,Nagpur,26Oct2004,Test,22893
515,533,2,18,14,0,0,14.28,4,caught,4,Australia,Nagpur,26Oct2004,Test,22895
516,534,5,43,35,0,0,14.28,4,caught,1,Australia,Wankhede,3Nov2004,Test,22900
517,535,55,120,83,6,1,66.26,4,caught,3,Australia,Wankhede,3Nov2004,Test,22955
518,536,16,30,17,2,0,94.11,2,runout,1,Pakistan,Kolkata,13Nov2004,ODI,22971
519,537,3,21,18,0,0,16.66,4,bowled,2,SouthAfrica,Kanpur,20Nov2004,Test,22974
520,538,20,82,54,3,0,37.03,4,bowled,2,SouthAfrica,Kolkata,28Nov2004,Test,22994
521,539,32,73,64,3,1,50.00,4,notout,4,SouthAfrica,Kolkata,28Nov2004,Test,23026
522,540,248,552,379,35,0,65.43,4,notout,2,Bangladesh,Dhaka,10Dec2004,Test,23274
523,541,36,79,55,6,0,65.45,4,lbw,1,Bangladesh,Chattogram,17Dec2004,Test,23310
524,542,19,46,32,3,0,59.37,2,caught,1,Bangladesh,Chattogram,23Dec2004,ODI,23329
525,543,47,60,42,9,0,111.90,2,caught,1,Bangladesh,Dhaka,27Dec2004,ODI,23376
526,544,94,301,202,11,0,46.53,4,caught,2,Pakistan,Mohali,8Mar2005,Test,23470
527,546,52,147,102,9,0,50.98,4,caught,1,Pakistan,Kolkata,16Mar2005,Test,23522
528,547,52,117,91,9,0,57.14,4,caught,3,Pakistan,Kolkata,16Mar2005,Test,23574
529,548,41,78,71,7,0,57.74,4,caught,2,Pakistan,Bengaluru,24Mar2005,Test,23615
530,549,16,140,98,2,0,16.32,4,caught,4,Pakistan,Bengaluru,24Mar2005,Test,23631
531,550,4,8,4,1,0,100.00,2,caught,1,Pakistan,Kochi,2Apr2005,ODI,23635
532,551,2,17,8,0,0,25.00,2,runout,1,Pakistan,Visakhapatnam,5Apr2005,ODI,23637
533,552,6,15,11,1,0,54.54,2,caught,2,Pakistan,Jamshedpur,9Apr2005,ODI,23643
534,553,123,192,130,12,2,94.61,2,bowled,1,Pakistan,Ahmedabad,12Apr2005,ODI,23766
535,554,1,13,10,0,0,10.00,2,caught,1,Pakistan,Kanpur,15Apr2005,ODI,23767
536,555,9,38,15,0,0,60.00,2,bowled,2,Pakistan,Delhi,17Apr2005,ODI,23776
537,556,93,149,96,9,2,96.87,2,caught,1,SriLanka,Nagpur,25Oct2005,ODI,23869
538,557,67,87,69,11,0,97.10,2,notout,2,SriLanka,Mohali,28Oct2005,ODI,23936
539,558,2,2,3,0,0,66.66,2,caught,2,SriLanka,Jaipur,31Oct2005,ODI,23938
540,559,11,28,19,1,1,57.89,2,bowled,2,SriLanka,Pune,3Nov2005,ODI,23949
541,560,19,46,30,3,0,63.33,2,caught,2,SriLanka,Rajkot,9Nov2005,ODI,23968
542,561,39,76,48,8,0,81.25,2,caught,2,SriLanka,Vadodara,12Nov2005,ODI,24007
543,562,2,20,9,0,0,22.22,2,caught,1,SouthAfrica,Hyderabad(Deccan),16Nov2005,ODI,24009
544,563,2,31,22,0,0,9.09,2,caught,2,SouthAfrica,Bengaluru,19Nov2005,ODI,24011
545,564,2,18,15,0,0,13.33,3,caught,1,SouthAfrica,Kolkata,25Nov2005,ODI,24013
546,565,30,77,44,5,0,68.18,2,caught,2,SouthAfrica,Wankhede,28Nov2005,ODI,24043
547,566,22,157,126,2,0,17.46,4,lbw,1,SriLanka,Chennai,2Dec2005,Test,24065
548,567,109,310,196,14,1,55.61,4,lbw,1,SriLanka,Delhi,10Dec2005,Test,24174
549,568,16,42,28,3,0,57.14,4,lbw,3,SriLanka,Delhi,10Dec2005,Test,24190
550,569,23,85,66,2,0,34.84,4,caught,1,SriLanka,Ahmedabad,18Dec2005,Test,24213
551,570,19,40,29,3,0,65.51,4,lbw,3,SriLanka,Ahmedabad,18Dec2005,Test,24232
552,572,14,64,33,3,0,42.42,4,caught,2,Pakistan,Faisalabad,21Jan2006,Test,24246
553,574,23,49,29,5,0,79.31,4,bowled,2,Pakistan,Karachi,29Jan2006,Test,24269
554,575,26,74,47,5,0,55.31,4,bowled,4,Pakistan,Karachi,29Jan2006,Test,24295
555,576,100,188,113,10,1,88.49,2,lbw,1,Pakistan,Peshawar,6Feb2006,ODI,24395
556,577,42,71,43,8,0,97.67,2,caught,2,Pakistan,Rawalpindi,11Feb2006,ODI,24437
557,578,95,157,104,16,1,91.34,2,caught,2,Pakistan,Lahore,13Feb2006,ODI,24532
558,579,0,7,3,0,0,0.00,2,caught,2,Pakistan,Multan,16Feb2006,ODI,24532
559,580,16,84,45,2,0,35.55,4,lbw,2,England,Nagpur,1Mar2006,Test,24548
560,581,28,38,19,5,0,147.36,6,notout,4,England,Nagpur,1Mar2006,Test,24576
561,582,4,20,15,0,0,26.66,4,caught,2,England,Mohali,9Mar2006,Test,24580
562,584,1,33,21,0,0,4.76,4,caught,2,England,Wankhede,18Mar2006,Test,24581
563,585,34,77,57,5,0,59.64,5,caught,4,England,Wankhede,18Mar2006,Test,24615
564,586,2,16,3,0,0,66.66,2,notout,1,SriLanka,Colombo(SSC),18Aug2006,ODI,24617
565,587,141,-,148,13,5,95.27,2,notout,1,WestIndies,KualaLumpur,14Sep2006,ODI,24758
566,588,12,30,17,2,0,70.58,2,caught,2,Australia,KualaLumpur,16Sep2006,ODI,24770
567,589,65,154,102,7,0,63.72,2,runout,1,WestIndies,KualaLumpur,20Sep2006,ODI,24835
568,590,4,11,10,1,0,40.00,2,caught,2,Australia,KualaLumpur,22Sep2006,ODI,24839
569,591,35,87,41,5,0,85.36,2,lbw,2,England,Jaipur,15Oct2006,ODI,24874
570,592,29,81,45,4,0,64.44,2,bowled,1,WestIndies,Ahmedabad,26Oct2006,ODI,24903
571,593,10,46,26,2,0,38.46,2,caught,1,Australia,Mohali,29Oct2006,ODI,24913
572,594,35,79,51,5,0,68.62,2,bowled,2,SouthAfrica,Durban,22Nov2006,ODI,24948
573,595,2,20,9,0,0,22.22,2,caught,2,SouthAfrica,CapeTown,26Nov2006,ODI,24950
574,596,1,4,3,0,0,33.33,3,caught,2,SouthAfrica,Gqeberha,29Nov2006,ODI,24951
575,597,10,18,12,2,0,83.33,2,bowled,2,SouthAfrica,Johannesburg,1Dec2006,TI,24961
576,598,55,134,97,8,0,56.70,2,caught,1,SouthAfrica,Centurion,3Dec2006,ODI,25016
577,599,44,113,89,7,0,49.43,4,caught,1,SouthAfrica,Johannesburg,15Dec2006,Test,25060
578,600,14,43,22,3,0,63.63,4,bowled,3,SouthAfrica,Johannesburg,15Dec2006,Test,25074
579,601,63,173,115,11,0,54.78,4,caught,2,SouthAfrica,Durban,26Dec2006,Test,25137
580,602,0,13,7,0,0,0.00,4,lbw,4,SouthAfrica,Durban,26Dec2006,Test,25137
581,603,64,187,130,11,0,49.23,4,caught,1,SouthAfrica,CapeTown,2Jan2007,Test,25201
582,604,14,88,62,1,0,22.58,5,lbw,3,SouthAfrica,CapeTown,2Jan2007,Test,25215
583,605,31,54,38,3,0,81.57,3,lbw,1,WestIndies,Nagpur,21Jan2007,ODI,25246
584,606,0,6,6,0,0,0.00,4,caught,1,WestIndies,Cuttack,24Jan2007,ODI,25246
585,607,60,112,66,2,0,90.90,4,caught,1,WestIndies,Chennai,27Jan2007,ODI,25306
586,608,100,110,76,10,1,131.57,4,notout,1,WestIndies,Vadodara,31Jan2007,ODI,25406
587,610,54,94,61,9,0,88.52,4,stumped,2,SriLanka,Rajkot,11Feb2007,ODI,25460
588,611,1,13,8,0,0,12.50,3,bowled,2,SriLanka,Margao,14Feb2007,ODI,25461
589,612,7,40,26,1,0,26.92,4,caught,1,Bangladesh,PortofSpain,17Mar2007,ODI,25468
590,613,57,46,29,2,4,196.55,6,notout,1,Bermuda,PortofSpain,19Mar2007,ODI,25525
591,614,0,5,3,0,0,0.00,4,bowled,2,SriLanka,PortofSpain,23Mar2007,ODI,25525
592,615,101,274,169,9,0,59.76,4,caught,1,Bangladesh,Chattogram,18May2007,Test,25626
593,616,31,69,50,2,0,62.00,4,bowled,3,Bangladesh,Chattogram,18May2007,Test,25657
594,617,122,354,226,8,1,53.98,4,notout,1,Bangladesh,Mirpur,25May2007,Test,25779
595,618,4,4,3,1,0,133.33,2,bowled,2,Ireland,Belfast,23Jun2007,ODI,25783
596,619,99,199,143,12,0,69.23,2,runout,1,SouthAfrica,Belfast,26Jun2007,ODI,25882
597,620,93,140,106,13,2,87.73,2,bowled,2,SouthAfrica,Belfast,29Jun2007,ODI,25975
598,621,8,10,8,2,0,100.00,2,caught,2,SouthAfrica,Belfast,1Jul2007,ODI,25983
599,622,37,104,78,6,0,47.43,4,lbw,2,England,Lord's,19Jul2007,Test,26020
600,623,16,42,35,3,0,45.71,4,lbw,4,England,Lord's,19Jul2007,Test,26036
601,624,91,259,197,12,0,46.19,4,lbw,2,England,Nottingham,27Jul2007,Test,26127
602,625,1,17,15,0,0,6.66,4,caught,4,England,Nottingham,27Jul2007,Test,26128
603,626,82,298,192,11,0,42.70,4,caught,1,England,TheOval,9Aug2007,Test,26210
604,627,1,13,11,0,0,9.09,4,bowled,3,England,TheOval,9Aug2007,Test,26211
605,628,17,52,33,1,0,51.51,2,caught,2,England,Southampton,21Aug2007,ODI,26228
606,629,99,158,112,15,1,88.39,2,caught,1,England,Bristol,24Aug2007,ODI,26327
607,630,8,42,19,1,0,42.10,2,caught,2,England,Birmingham,27Aug2007,ODI,26335
608,631,55,128,86,9,0,63.95,2,caught,1,England,Manchester,30Aug2007,ODI,26390
609,632,71,87,59,13,0,120.33,2,caught,1,England,Leeds,2Sep2007,ODI,26461
610,633,94,120,81,16,1,116.04,2,caught,2,England,TheOval,5Sep2007,ODI,26555
611,634,30,80,46,4,0,65.21,2,caught,1,England,Lord's,8Sep2007,ODI,26585
612,635,0,9,6,0,0,0.00,2,lbw,2,Australia,Bengaluru,29Sep2007,ODI,26585
613,636,16,43,25,1,1,64.00,2,caught,2,Australia,Kochi,2Oct2007,ODI,26601
614,637,43,119,71,6,0,60.56,2,bowled,2,Australia,Hyderabad(Deccan),5Oct2007,ODI,26644
615,638,79,184,119,7,0,66.38,2,runout,1,Australia,Chandigarh,8Oct2007,ODI,26723
616,639,47,128,73,9,0,64.38,2,caught,1,Australia,Vadodara,11Oct2007,ODI,26770
617,640,72,105,72,9,1,100.00,2,stumped,2,Australia,Nagpur,14Oct2007,ODI,26842
618,641,21,52,36,4,0,58.33,2,bowled,2,Australia,Wankhede,17Oct2007,ODI,26863
619,642,4,14,7,1,0,57.14,2,lbw,2,Pakistan,Guwahati,5Nov2007,ODI,26867
620,643,99,130,91,14,1,108.79,2,caught,1,Pakistan,Mohali,8Nov2007,ODI,26966
621,644,29,54,27,5,0,107.40,2,caught,1,Pakistan,Kanpur,11Nov2007,ODI,26995
622,645,97,149,102,16,0,95.09,2,bowled,2,Pakistan,Gwalior,15Nov2007,ODI,27092
623,646,30,54,27,6,0,111.11,2,caught,2,Pakistan,Jaipur,18Nov2007,ODI,27122
624,647,1,2,1,0,0,100.00,4,runout,2,Pakistan,Delhi,22Nov2007,Test,27123
625,648,56,178,110,9,0,50.90,4,notout,4,Pakistan,Delhi,22Nov2007,Test,27179
626,649,82,146,109,12,0,75.22,4,bowled,1,Pakistan,Kolkata,30Nov2007,Test,27261
627,651,62,113,77,7,1,80.51,4,bowled,2,Australia,Melbourne,26Dec2007,Test,27323
628,652,15,31,21,1,0,71.42,4,caught,4,Australia,Melbourne,26Dec2007,Test,27338
629,653,154,429,243,14,1,63.37,4,notout,2,Australia,Sydney,2Jan2008,Test,27492
630,654,12,33,16,3,0,75.00,4,bowled,4,Australia,Sydney,2Jan2008,Test,27504
631,655,71,175,128,9,0,55.46,4,lbw,1,Australia,Perth,16Jan2008,Test,27575
632,656,13,33,25,2,0,52.00,5,lbw,3,Australia,Perth,16Jan2008,Test,27588
633,657,153,342,205,13,3,74.63,4,caught,1,Australia,Adelaide,24Jan2008,Test,27741
634,658,13,67,36,1,0,36.11,4,runout,3,Australia,Adelaide,24Jan2008,Test,27754
635,659,10,30,17,1,0,58.82,2,hitwicket,1,Australia,Brisbane,3Feb2008,ODI,27764
636,660,35,70,52,2,0,67.30,2,bowled,1,SriLanka,Brisbane,5Feb2008,ODI,27799
637,661,44,123,54,3,0,81.48,2,caught,2,Australia,Melbourne,10Feb2008,ODI,27843
638,662,32,41,30,4,0,106.66,2,caught,1,SriLanka,Canberra,12Feb2008,ODI,27875
639,663,5,23,15,1,0,33.33,2,lbw,2,Australia,Adelaide,17Feb2008,ODI,27880
640,664,0,6,2,0,0,0.00,2,bowled,2,SriLanka,Adelaide,19Feb2008,ODI,27880
641,665,2,3,3,0,0,66.66,2,lbw,2,Australia,Sydney,24Feb2008,ODI,27882
642,666,63,92,54,10,0,116.66,2,caught,2,SriLanka,Hobart,26Feb2008,ODI,27945
643,667,117,235,120,10,0,97.50,2,notout,2,Australia,Sydney,2Mar2008,ODI,28062
644,668,91,176,121,7,0,75.20,2,caught,1,Australia,Brisbane,4Mar2008,ODI,28153
645,669,0,9,5,0,0,0.00,4,caught,2,SouthAfrica,Chennai,26Mar2008,Test,28153
646,670,27,60,46,3,0,58.69,4,bowled,2,SriLanka,Colombo(SSC),23Jul2008,Test,28180
647,671,12,42,30,1,0,40.00,4,caught,3,SriLanka,Colombo(SSC),23Jul2008,Test,28192
648,672,5,5,3,1,0,166.66,4,lbw,1,SriLanka,Galle,31Jul2008,Test,28197
649,673,31,54,42,5,0,73.80,4,caught,3,SriLanka,Galle,31Jul2008,Test,28228
650,674,6,18,12,0,0,50.00,4,lbw,1,SriLanka,Colombo(PSS),8Aug2008,Test,28234
651,675,14,26,22,1,0,63.63,6,lbw,3,SriLanka,Colombo(PSS),8Aug2008,Test,28248
652,676,13,26,18,3,0,72.22,4,caught,2,Australia,Bengaluru,9Oct2008,Test,28261
653,677,49,177,126,4,0,38.88,4,caught,4,Australia,Bengaluru,9Oct2008,Test,28310
654,678,88,186,111,10,0,79.27,4,caught,1,Australia,Mohali,17Oct2008,Test,28398
655,679,10,16,12,1,0,83.33,5,notout,3,Australia,Mohali,17Oct2008,Test,28408
656,680,68,188,126,11,0,53.96,4,caught,1,Australia,Delhi,29Oct2008,Test,28476
657,681,47,159,120,4,0,39.16,5,caught,3,Australia,Delhi,29Oct2008,Test,28523
658,682,109,274,188,12,0,57.97,4,lbw,1,Australia,Nagpur,6Nov2008,Test,28632
659,683,12,90,55,1,0,21.81,4,runout,3,Australia,Nagpur,6Nov2008,Test,28644
660,684,11,40,21,2,0,52.38,2,bowled,1,England,Bengaluru,23Nov2008,ODI,28655
661,685,50,99,57,6,0,87.71,2,bowled,2,England,Cuttack,26Nov2008,ODI,28705
662,686,37,90,48,4,1,77.08,4,caught,2,England,Chennai,11Dec2008,Test,28742
663,687,103,317,196,9,0,52.55,4,notout,4,England,Chennai,11Dec2008,Test,28845
664,688,11,45,26,1,0,42.30,4,lbw,1,England,Mohali,19Dec2008,Test,28856
665,689,5,41,22,1,0,22.72,4,caught,3,England,Mohali,19Dec2008,Test,28861
666,690,5,15,16,0,0,31.25,2,lbw,2,SriLanka,Dambulla,28Jan2009,ODI,28866
667,691,6,11,9,0,0,66.66,2,lbw,1,SriLanka,Colombo(RPS),31Jan2009,ODI,28872
668,692,7,9,12,0,1,58.33,2,lbw,1,SriLanka,Colombo(RPS),3Feb2009,ODI,28879
669,693,20,43,23,2,0,86.95,2,caught,1,NewZealand,Napier,3Mar2009,ODI,28899
670,694,61,100,69,7,1,88.40,2,lbw,1,NewZealand,Wellington,6Mar2009,ODI,28960
671,695,163,206,133,16,5,122.55,2,retirednotout,1,NewZealand,Christchurch,8Mar2009,ODI,29123
672,696,160,397,260,26,0,61.53,4,caught,2,NewZealand,Hamilton,18Mar2009,Test,29283
673,698,49,98,65,7,1,75.38,5,caught,2,NewZealand,Napier,26Mar2009,Test,29332
674,699,64,167,131,9,1,48.85,4,caught,3,NewZealand,Napier,26Mar2009,Test,29396
675,700,62,108,85,11,0,72.94,4,caught,1,NewZealand,Wellington,3Apr2009,Test,29458
676,701,9,25,20,0,1,45.00,4,caught,3,NewZealand,Wellington,3Apr2009,Test,29467
677,702,46,81,55,6,0,83.63,2,caught,2,NewZealand,Colombo(RPS),11Sep2009,ODI,29513
678,703,27,63,33,5,0,81.81,2,caught,2,SriLanka,Colombo(RPS),12Sep2009,ODI,29540
679,704,138,214,133,10,1,103.75,2,lbw,1,SriLanka,Colombo(RPS),14Sep2009,ODI,29678
680,705,8,19,14,1,0,57.14,2,caught,2,Pakistan,Centurion,26Sep2009,ODI,29686
681,707,14,40,29,2,0,48.27,2,caught,2,Australia,Vadodara,25Oct2009,ODI,29700
682,708,4,14,8,1,0,50.00,2,caught,1,Australia,Nagpur,28Oct2009,ODI,29704
683,709,32,63,47,2,0,68.08,2,runout,2,Australia,Delhi,31Oct2009,ODI,29736
684,710,40,86,68,6,0,58.82,2,lbw,2,Australia,Mohali,2Nov2009,ODI,29776
685,711,175,210,141,19,4,124.11,2,caught,2,Australia,Hyderabad(Deccan),5Nov2009,ODI,29951
686,712,10,23,17,2,0,58.82,2,caught,1,Australia,Guwahati,8Nov2009,ODI,29961
687,713,4,3,3,1,0,133.33,4,bowled,1,SriLanka,Ahmedabad,16Nov2009,Test,29965
688,714,100,298,211,11,0,47.39,5,notout,3,SriLanka,Ahmedabad,16Nov2009,Test,30065
689,715,40,122,91,0,1,43.95,4,caught,1,SriLanka,Kanpur,24Nov2009,Test,30105
690,716,53,139,103,6,0,51.45,4,bowled,2,SriLanka,Brabourne,2Dec2009,Test,30158
691,717,69,91,63,10,1,109.52,2,bowled,1,SriLanka,Rajkot,15Dec2009,ODI,30227
692,718,43,76,52,4,0,82.69,2,stumped,1,SriLanka,Nagpur,18Dec2009,ODI,30270
693,719,96,187,104,13,0,92.30,2,notout,2,SriLanka,Cuttack,21Dec2009,ODI,30366
694,720,8,-,8,2,0,100.00,2,caught,2,SriLanka,Kolkata,24Dec2009,ODI,30374
695,721,105,246,166,11,2,63.25,4,notout,1,Bangladesh,Chattogram,17Jan2010,Test,30479
696,722,16,47,26,2,0,61.53,5,lbw,3,Bangladesh,Chattogram,17Jan2010,Test,30495
697,723,143,259,182,13,1,78.57,4,caught,2,Bangladesh,Mirpur,24Jan2010,Test,30638
698,725,7,25,16,1,0,43.75,4,caught,2,SouthAfrica,Nagpur,6Feb2010,Test,30645
699,726,100,275,179,13,0,55.86,4,bowled,3,SouthAfrica,Nagpur,6Feb2010,Test,30745
700,727,106,266,206,12,0,51.45,4,caught,2,SouthAfrica,Kolkata,14Feb2010,Test,30851
701,728,4,-,5,1,0,80.00,2,runout,1,SouthAfrica,Jaipur,21Feb2010,ODI,30855
702,729,200,226,147,25,3,136.05,2,notout,1,SouthAfrica,Gwalior,24Feb2010,ODI,31055
703,730,8,29,21,1,0,38.09,4,lbw,2,SriLanka,Galle,18Jul2010,Test,31063
704,731,84,168,142,11,1,59.15,4,lbw,3,SriLanka,Galle,18Jul2010,Test,31147
705,732,203,516,347,23,1,58.50,4,caught,2,SriLanka,Colombo(SSC),26Jul2010,Test,31350
706,733,41,88,72,5,0,56.94,4,caught,2,SriLanka,Colombo(PSS),3Aug2010,Test,31391
707,734,54,186,122,3,0,44.26,4,caught,4,SriLanka,Colombo(PSS),3Aug2010,Test,31445
708,735,98,251,189,13,0,51.85,5,lbw,2,Australia,Mohali,1Oct2010,Test,31543
709,736,38,106,64,5,0,59.37,4,caught,4,Australia,Mohali,1Oct2010,Test,31581
710,737,214,547,363,22,2,58.95,4,bowled,2,Australia,Bengaluru,9Oct2010,Test,31795
711,738,53,125,77,5,2,68.83,4,notout,4,Australia,Bengaluru,9Oct2010,Test,31848
712,739,40,168,133,5,0,30.07,4,caught,1,NewZealand,Ahmedabad,4Nov2010,Test,31888
713,740,12,27,25,2,0,48.00,4,bowled,3,NewZealand,Ahmedabad,4Nov2010,Test,31900
714,741,13,52,28,1,0,46.42,4,caught,2,NewZealand,Hyderabad(Deccan),12Nov2010,Test,31913
715,743,61,162,129,8,0,47.28,4,caught,2,NewZealand,Nagpur,20Nov2010,Test,31974
716,744,36,61,34,8,0,105.88,4,lbw,1,SouthAfrica,Centurion,16Dec2010,Test,32010
717,745,111,327,241,13,1,46.05,5,notout,3,SouthAfrica,Centurion,16Dec2010,Test,32121
718,746,13,42,22,3,0,59.09,4,caught,1,SouthAfrica,Durban,26Dec2010,Test,32134
719,747,6,22,10,1,0,60.00,4,caught,3,SouthAfrica,Durban,26Dec2010,Test,32140
720,748,146,465,314,17,2,46.49,4,bowled,2,SouthAfrica,CapeTown,2Jan2011,Test,32286
721,749,14,146,91,0,0,15.38,4,notout,4,SouthAfrica,CapeTown,2Jan2011,Test,32300
722,750,7,16,11,0,0,63.63,2,caught,2,SouthAfrica,Durban,12Jan2011,ODI,32307
723,751,24,78,44,2,0,54.54,2,bowled,1,SouthAfrica,Johannesburg,15Jan2011,ODI,32331
724,752,28,46,29,4,0,96.55,2,runout,1,Bangladesh,Mirpur,19Feb2011,ODI,32359
725,753,120,170,115,10,5,104.34,2,caught,1,England,Bengaluru,27Feb2011,ODI,32479
726,754,38,91,56,4,0,67.85,2,lbw,2,Ireland,Bengaluru,6Mar2011,ODI,32517
727,755,27,45,22,6,0,122.72,2,caught,2,Netherlands,Delhi,9Mar2011,ODI,32544
728,756,111,184,101,8,3,109.90,2,caught,1,SouthAfrica,Nagpur,12Mar2011,ODI,32655
729,757,2,4,4,0,0,50.00,2,caught,1,WestIndies,Chennai,20Mar2011,ODI,32657
730,758,53,93,68,7,0,77.94,2,caught,2,Australia,Ahmedabad,24Mar2011,ODI,32710
731,759,85,160,115,11,0,73.91,2,caught,1,Pakistan,Mohali,30Mar2011,ODI,32795
732,760,18,21,14,2,0,128.57,2,caught,2,SriLanka,Wankhede,2Apr2011,ODI,32813
733,761,34,90,58,6,0,58.62,4,caught,2,England,Lord's,21Jul2011,Test,32847
734,762,12,84,68,1,0,17.64,5,lbw,4,England,Lord's,21Jul2011,Test,32859
735,763,16,33,34,3,0,47.05,4,caught,2,England,Nottingham,29Jul2011,Test,32875
736,764,56,136,86,8,0,65.11,4,lbw,4,England,Nottingham,29Jul2011,Test,32931
737,765,1,10,8,0,0,12.50,4,caught,1,England,Birmingham,10Aug2011,Test,32932
738,766,40,92,60,8,0,66.66,4,runout,3,England,Birmingham,10Aug2011,Test,32972
739,767,23,65,34,4,0,67.64,4,caught,2,England,TheOval,18Aug2011,Test,32995
740,768,91,235,172,11,0,52.90,4,lbw,3,England,TheOval,18Aug2011,Test,33086
741,769,7,25,18,1,0,38.88,4,lbw,2,WestIndies,Delhi,6Nov2011,Test,33093
742,770,76,200,148,10,0,51.35,4,lbw,4,WestIndies,Delhi,6Nov2011,Test,33169
743,771,38,74,71,5,0,53.52,4,caught,1,WestIndies,Kolkata,14Nov2011,Test,33207
744,772,94,219,153,8,2,61.43,4,caught,2,WestIndies,Wankhede,22Nov2011,Test,33301
745,773,3,6,7,0,0,42.85,4,caught,4,WestIndies,Wankhede,22Nov2011,Test,33304
746,774,73,151,98,8,1,74.48,4,bowled,2,Australia,Melbourne,26Dec2011,Test,33377
747,775,32,73,46,4,0,69.56,4,caught,4,Australia,Melbourne,26Dec2011,Test,33409
748,776,41,133,89,8,0,46.06,4,bowled,1,Australia,Sydney,3Jan2012,Test,33450
749,777,80,213,141,9,0,56.73,4,caught,3,Australia,Sydney,3Jan2012,Test,33530
750,778,15,46,25,3,0,60.00,4,lbw,1,Australia,Perth,13Jan2012,Test,33545
751,779,8,22,16,1,0,50.00,4,lbw,3,Australia,Perth,13Jan2012,Test,33553
752,780,25,94,69,3,0,36.23,4,caught,2,Australia,Adelaide,24Jan2012,Test,33578
753,781,13,46,34,2,0,38.23,4,caught,4,Australia,Adelaide,24Jan2012,Test,33591
754,782,2,9,6,0,0,33.33,2,caught,2,Australia,Melbourne,5Feb2012,ODI,33593
755,783,48,87,63,5,0,76.19,2,bowled,2,SriLanka,Perth,8Feb2012,ODI,33641
756,784,15,25,24,2,0,62.50,2,caught,2,SriLanka,Adelaide,14Feb2012,ODI,33656
757,785,3,21,12,0,0,25.00,2,caught,2,Australia,Brisbane,19Feb2012,ODI,33659
758,786,22,33,23,3,0,95.65,2,bowled,2,SriLanka,Brisbane,21Feb2012,ODI,33681
759,787,14,34,15,2,0,93.33,2,runout,2,Australia,Sydney,26Feb2012,ODI,33695
760,788,39,45,30,5,0,130.00,2,lbw,2,SriLanka,Hobart,28Feb2012,ODI,33734
761,789,6,25,19,1,0,31.57,2,caught,1,SriLanka,Mirpur,13Mar2012,ODI,33740
762,790,114,205,147,12,1,77.55,2,caught,1,Bangladesh,Mirpur,16Mar2012,ODI,33854
763,791,52,93,48,5,1,108.33,2,caught,2,Pakistan,Mirpur,18Mar2012,ODI,33906
764,792,19,86,62,2,0,30.64,4,bowled,1,NewZealand,Hyderabad(Deccan),23Aug2012,Test,33925
765,793,17,61,50,3,0,34.00,4,bowled,2,NewZealand,Bengaluru,31Aug2012,Test,33942
766,794,27,78,34,5,0,79.41,4,bowled,4,NewZealand,Bengaluru,31Aug2012,Test,33969
767,795,13,25,18,2,0,72.22,4,caught,1,England,Ahmedabad,15Nov2012,Test,33982
768,797,8,14,12,1,0,66.66,4,bowled,1,England,Wankhede,23Nov2012,Test,33990
769,798,8,28,19,2,0,42.10,4,lbw,3,England,Wankhede,23Nov2012,Test,33998
770,799,76,202,155,13,0,49.03,4,caught,1,England,Kolkata,5Dec2012,Test,34074
771,800,5,17,6,1,0,83.33,4,caught,3,England,Kolkata,5Dec2012,Test,34079
772,801,2,25,13,0,0,15.38,4,bowled,2,England,Nagpur,13Dec2012,Test,34081
773,802,81,257,159,7,0,50.94,4,bowled,2,Australia,Chennai,22Feb2013,Test,34162
774,803,13,10,10,0,2,130.00,4,notout,4,Australia,Chennai,22Feb2013,Test,34175
775,804,7,32,15,1,0,46.66,4,caught,2,Australia,Hyderabad(Deccan),2Mar2013,Test,34182
776,805,37,125,81,5,0,45.67,4,caught,2,Australia,Mohali,14Mar2013,Test,34219
777,806,21,71,23,2,0,91.30,4,runout,4,Australia,Mohali,14Mar2013,Test,34240
778,807,32,99,53,5,0,60.37,4,lbw,2,Australia,Delhi,22Mar2013,Test,34272
779,808,1,8,5,0,0,20.00,4,lbw,4,Australia,Delhi,22Mar2013,Test,34273
780,809,10,41,24,2,0,41.66,4,lbw,2,WestIndies,Kolkata,6Nov2013,Test,34283
781,810,74,150,118,12,0,62.71,4,caught,2,WestIndies,Wankhede,14Nov2013,Test,34357
